{"train_loss": [1.7054082651681537, 0.6093661386755448, 0.4240441822552983, 0.3122332563505897, 0.27369419604162626, 0.25910580871225913, 0.22134144294865524, 0.22268227436874485, 0.20642492503305024, 0.18078176390521133, 0.1803501842519905, 0.18098363588693775, 0.17596582242205172, 0.15481309157006348, 0.16147624053343942, 0.13376424852994423, 0.15541239014909236, 0.1362346644973076, 0.1376236225372251, 0.15002485618844064, 0.13080331594506397, 0.12947817507989798, 0.11357691378533086, 0.1284131459915374, 0.11905926960885901, 0.13000174716492244, 0.11861391503222381, 0.1248592973557077, 0.11736783699332913, 0.10620327862804826, 0.11337917668249788, 0.11578053975878637, 0.12168994321947611, 0.11437984092184637, 0.12257253604504881, 0.11599510951745737, 0.11033951275144951, 0.0937135572368397, 0.10738036921955174, 0.10360718712776522, 0.11334259527723624, 0.1294216430191941, 0.09724547577243817, 0.09714328641472739, 0.1022833560510904, 0.103035604387899, 0.09133057880769425, 0.09136424151402485, 0.11986266111224135], "train_mae": [0.07345004379749298, 0.02625129744410515, 0.01967949979007244, 0.017024772241711617, 0.01593531295657158, 0.0157570019364357, 0.013773049227893353, 0.01400013081729412, 0.013130138628184795, 0.011881725862622261, 0.01138149481266737, 0.011713292449712753, 0.010981106199324131, 0.010104784741997719, 0.010712571442127228, 0.00933788437396288, 0.010638978332281113, 0.009670873172581196, 0.00992046482861042, 0.010461526922881603, 0.009523092769086361, 0.010609387420117855, 0.009534690529108047, 0.010462670587003231, 0.009558605030179024, 0.00996173545718193, 0.009776554070413113, 0.009569920599460602, 0.009512878023087978, 0.009264592081308365, 0.009808192029595375, 0.009851654060184956, 0.010175785049796104, 0.009547367691993713, 0.009847461245954037, 0.009800290688872337, 0.009792736731469631, 0.009162421338260174, 0.009956350550055504, 0.009794546291232109, 0.009583456441760063, 0.010278123430907726, 0.009215924888849258, 0.009650102816522121, 0.00957947876304388, 0.009432406164705753, 0.009433374740183353, 0.009171506389975548, 0.010308923199772835], "train_acc": [0.7431881427764893, 0.9179801940917969, 0.9441782236099243, 0.9608118534088135, 0.9638415575027466, 0.964178204536438, 0.9700990319252014, 0.9685148596763611, 0.9713663458824158, 0.9749109148979187, 0.974970281124115, 0.9745742678642273, 0.9742178320884705, 0.9789108633995056, 0.9768713116645813, 0.9826732873916626, 0.9772078990936279, 0.9807524681091309, 0.9797425866127014, 0.9788514971733093, 0.9813069105148315, 0.982693076133728, 0.9845742583274841, 0.9820792078971863, 0.9828712940216064, 0.9818415641784668, 0.9831485152244568, 0.982851505279541, 0.9836039543151855, 0.9853069186210632, 0.9845148324966431, 0.983623743057251, 0.9827128648757935, 0.9840198159217834, 0.9834059476852417, 0.9837029576301575, 0.9844950437545776, 0.9875445365905762, 0.9853861331939697, 0.9857029914855957, 0.9841188192367554, 0.981544554233551, 0.9862574338912964, 0.9862177968025208, 0.9849702715873718, 0.9853465557098389, 0.9871485233306885, 0.987069308757782, 0.9835841655731201], "val_loss": [0.799451603565687, 0.46216200089748993, 0.34298119445641834, 0.27975113929053885, 0.272268702218562, 0.20341503445380998, 0.24383097224765354, 0.2338973992952594, 0.15566918713811004, 0.22232307815625343, 0.15058940570847487, 0.1300549508060938, 0.24329277417725986, 0.12686272255248493, 0.12920068374570506, 0.15087235479811092, 0.15606120302353377, 0.12639557744985747, 0.13459541489956556, 0.12380430364498386, 0.10729541537570364, 0.11026478430003296, 0.13225357273570548, 0.12631749219180624, 0.16432502423125653, 0.168440193236794, 0.09949453703967141, 0.11500508707292655, 0.19225397807212524, 0.0783474604702658, 0.10844235938548306, 0.13590290503185473, 0.12013692372007134, 0.14027941724814383, 0.12713710269258346, 0.0764406862910147, 0.08106432711406622, 0.07998426255114653, 0.07207040931385608, 0.10931020479557323, 0.08734114317476381, 0.144464856416079, 0.07498772557318946, 0.10526146394787012, 0.0761389056979506, 0.0821703247335038, 0.10122450323844398, 0.11214296057544372, 0.19186798663648927], "val_mae": [0.033601678907871246, 0.020332038402557373, 0.014602712355554104, 0.01580449379980564, 0.019753146916627884, 0.013247295282781124, 0.01530984416604042, 0.01177508570253849, 0.00985578540712595, 0.014083273708820343, 0.008993979543447495, 0.008691245689988136, 0.01854291930794716, 0.008165876381099224, 0.009719070978462696, 0.015607996843755245, 0.009649141691625118, 0.009687765501439571, 0.012981844134628773, 0.008438413962721825, 0.009626500308513641, 0.00794991198927164, 0.011716475710272789, 0.009532860480248928, 0.013742867857217789, 0.008650590665638447, 0.00793212465941906, 0.008734876289963722, 0.011880013160407543, 0.00732390908524394, 0.009003400802612305, 0.016020862385630608, 0.01413197722285986, 0.01038301270455122, 0.010709715075790882, 0.010821538977324963, 0.008181716315448284, 0.008270615711808205, 0.0077222189866006374, 0.00843654852360487, 0.007647637743502855, 0.012221749871969223, 0.007584257051348686, 0.01494615152478218, 0.008183266036212444, 0.009627457708120346, 0.007132327184081078, 0.009101955220103264, 0.01462373323738575], "val_acc": [0.8871844410896301, 0.9406796097755432, 0.9572815299034119, 0.9604854583740234, 0.9619417190551758, 0.9765048623085022, 0.9615533947944641, 0.9666019678115845, 0.983106791973114, 0.9636893272399902, 0.9812621474266052, 0.9866019487380981, 0.9583495259284973, 0.9843689203262329, 0.9830096960067749, 0.9754368662834167, 0.9755339622497559, 0.9819417595863342, 0.9796116352081299, 0.981747567653656, 0.9867961406707764, 0.9843689203262329, 0.9806796312332153, 0.9808737635612488, 0.9731068015098572, 0.9718446731567383, 0.9869902729988098, 0.9834951162338257, 0.967572808265686, 0.9912621378898621, 0.9833980798721313, 0.977669894695282, 0.9808737635612488, 0.9766019582748413, 0.9779611825942993, 0.9917475581169128, 0.9907767176628113, 0.9900971055030823, 0.9920388460159302, 0.9840776920318604, 0.9879611730575562, 0.9753398299217224, 0.9908738136291504, 0.9845631122589111, 0.989902913570404, 0.9877669811248779, 0.9853398203849792, 0.9823300838470459, 0.9713592529296875]}